lqUk0B5gSO7xhrB, 0, 0, 0.664500369816, 0, 0, 0.0791231034596, 0, 0.0140518252338, 0, 0, 0, 0, 0, 0, 0, 0, 0, 0.083882789584, 0.152150682948, 0
pfNV4m9ZJyKG, 0, 0, 0.183012938076, 0, 0, 0.0333797106406, 0, 0, 0, 0.0118231256556, 0.256215914009, 0, 0.0101928543304, 0, 0.0344597223374, 0, 0, 0.310269772381, 0.144824594218, 0
f2qgfAlnfxiB7qN, 0, 0, 0.272224257783, 0, 0.449288508499, 0, 0, 0, 0, 0, 0, 0, 0, 0, 0.0111986914404, 0, 0, 0.171078696352, 0.076022394591, 0
jq_clN3FEX, 0, 0, 0.0556137874342, 0, 0, 0, 0, 0.0276736099878, 0, 0, 0, 0.0229759841478, 0, 0, 0.0894803434096, 0, 0.5480537377, 0.124878845649, 0.117941367677, 0
fsW5dXZGGIQEs0, 0, 0, 0, 0.944041047344, 0, 0, 0, 0, 0, 0, 0, 0.0261547069665, 0, 0, 0, 0, 0, 0, 0.0192470986699, 0
cksHQYVrFx, 0.0342613958449, 0.040914697053, 0, 0.0311634815569, 0, 0, 0, 0, 0, 0, 0, 0.443699956906, 0.318983974598, 0, 0.0124475378766, 0, 0, 0.0575333964761, 0.0390175505628, 0
jVHKJGZ, 0, 0, 0, 0.414832754309, 0, 0, 0, 0, 0.198622796055, 0, 0, 0, 0, 0, 0, 0, 0, 0, 0.385052265323, 0
7VbnLI9dA, 0.0540440501769, 0.0263872523377, 0.0144190515242, 0.0967707867905, 0, 0, 0, 0, 0, 0, 0.011285662184, 0, 0, 0.541179321518, 0, 0, 0.0540894011658, 0, 0.18575844191, 0
rkaQSdk_xTqaz1, 0.0489320797365, 0, 0.103704963986, 0.420952994356, 0, 0, 0, 0, 0.0853452842, 0, 0, 0, 0, 0, 0, 0, 0, 0, 0.336192600287, 0
g4UG1YQEnmo, 0.0207206430847, 0, 0.0368026733658, 0.467816373376, 0, 0, 0.0137385103149, 0, 0.0750497909586, 0, 0, 0.0109462946817, 0.0103437272434, 0, 0, 0, 0, 0, 0.360552604217, 0
xY_hl3ftgFJ6, 0.0454009261105, 0, 0.0141101893048, 0.14384687189, 0, 0, 0, 0, 0.0509544750429, 0, 0, 0.424095469952, 0, 0, 0, 0, 0, 0, 0.307940365119, 0
sq24HfcN3u, 0, 0.012529105877, 0.0804885471198, 0, 0, 0, 0.0313604845323, 0, 0, 0, 0, 0, 0, 0, 0, 0, 0, 0.349605207957, 0.509973205997, 0
oWgvq_17Z, 0.0195983402643, 0.0148547711077, 0.121834832935, 0.377641401973, 0, 0.0176111698545, 0, 0, 0.0100076359124, 0, 0, 0, 0, 0, 0, 0, 0, 0.0863829228449, 0.338452691238, 0
uVsKRmP4jDp, 0.0552249545112, 0, 0.0533179004461, 0, 0, 0, 0, 0.107713196226, 0, 0, 0, 0, 0, 0.660141240971, 0, 0, 0.0574488794934, 0.0160572207891, 0.034551186366, 0
dg39qWQ0x8bYHtr, 0, 0, 0, 0.869802575952, 0, 0, 0, 0, 0, 0, 0, 0, 0, 0.0293252459926, 0, 0, 0, 0, 0.0937054972016, 0
wrCJ0vrCrn5S5C, 0.687934801292, 0.120696746537, 0, 0.0939436623417, 0, 0, 0, 0, 0.010706256086, 0, 0, 0.0615413826706, 0, 0, 0, 0, 0, 0, 0, 0
o96a5AxEzogl8p, 0, 0, 0.404595012978, 0, 0.526735416495, 0, 0, 0, 0, 0, 0, 0, 0, 0, 0.0248706565852, 0, 0, 0, 0.0372718152563, 0
rJfaWxNGeU, 0.0592424546515, 0, 0.0431324146236, 0.723394849142, 0, 0, 0, 0, 0, 0, 0, 0, 0, 0.0102456484753, 0, 0, 0, 0, 0.144213118368, 0
p4YAU5efy, 0.8928342661, 0, 0, 0, 0, 0, 0, 0.0116011086883, 0, 0, 0, 0, 0, 0, 0, 0, 0.0690365190962, 0, 0, 0
r6BNc5VJDHLco8D, 0, 0.0107998062854, 0, 0, 0, 0, 0, 0, 0.0130991072041, 0, 0, 0, 0.962828645721, 0, 0, 0, 0, 0, 0, 0
pU4SxhlN6, 0, 0, 0.0516419727968, 0.0478799988425, 0, 0.0244617990174, 0.0211338972534, 0, 0, 0, 0, 0.513617885279, 0.0167809040398, 0, 0, 0, 0.0305589109506, 0.0226554387567, 0.252194168214, 0
nxLPgTw2lg, 0, 0, 0, 0.784250818488, 0, 0, 0, 0, 0.0381012243354, 0, 0, 0, 0, 0, 0, 0, 0, 0, 0.154327519407, 0
g336FaT2YhXw, 0, 0, 0.0858174148454, 0.702623323833, 0, 0, 0, 0, 0, 0, 0, 0, 0, 0.124146009441, 0, 0, 0, 0, 0.0728371918152, 0
iQAEvwou6mB, 0, 0, 0.0389896398302, 0.718093173587, 0, 0, 0, 0, 0, 0, 0, 0, 0, 0.039889190705, 0, 0, 0, 0, 0.19327106806, 0
k2dEdXL, 0.0756470027191, 0, 0, 0.662259318297, 0, 0.0235600881445, 0, 0, 0, 0, 0, 0, 0, 0.223346526645, 0, 0, 0, 0, 0, 0
v5Ct2qy5iTwzgeM, 0, 0, 0.0151641418184, 0.83980897404, 0, 0, 0, 0, 0, 0, 0, 0, 0, 0, 0, 0, 0, 0.116692716345, 0.021005402877, 0
wykBSRFBt, 0, 0, 0.16516580977, 0, 0, 0, 0, 0.429667534705, 0, 0, 0, 0, 0, 0, 0.144294237091, 0, 0.0751789145042, 0.170671359249, 0, 0
u98bUzGHLXgXO4S, 0, 0, 0.367297563787, 0.237488846586, 0, 0, 0, 0, 0.188764797494, 0, 0, 0.0308843312703, 0, 0, 0, 0, 0, 0, 0.151846887177, 0
lcbgxhwH, 0, 0, 0.130200481462, 0.0329464016235, 0.0186791296906, 0, 0, 0, 0, 0, 0.0143825933073, 0, 0, 0, 0.0210213355351, 0, 0, 0.499098597566, 0.259717108337, 0
jyzUXkRYN, 0, 0, 0.38667335797, 0.0325257967278, 0.0101636563491, 0, 0.0286774247706, 0.0724489589784, 0, 0, 0, 0, 0.0240519124791, 0, 0.0134955917652, 0, 0, 0.159870584214, 0.262475382529, 0
r5KBXKHgz4A, 0, 0, 0.0811987429462, 0.481884783399, 0, 0, 0, 0, 0.0380343901845, 0, 0, 0.039857086686, 0, 0.0177023198311, 0.0293704402807, 0, 0, 0.0105616431673, 0.290154962816, 0
tXiQomcH64W3, 0.598883464892, 0.0382816012145, 0.12822477428, 0.0210301901241, 0, 0, 0, 0, 0, 0, 0, 0.0784671087658, 0, 0, 0.0135825411632, 0, 0, 0, 0.111656533282, 0
hzOAn1MqNd, 0, 0, 0.0226712467339, 0.041219141181, 0, 0, 0, 0, 0, 0, 0, 0, 0.822567706115, 0, 0, 0, 0, 0.0313112143738, 0.0730694742423, 0
jNrMqx8XNTHm5K, 0, 0, 0, 0.841363566355, 0, 0, 0, 0, 0, 0, 0, 0, 0, 0.0304536842013, 0, 0, 0, 0.0192416285334, 0.10080707846, 0
bLGuM9uvR3Ogqo4, 0, 0.0108516868005, 0.0608738763314, 0, 0.0979897592489, 0, 0, 0.0321702552636, 0, 0, 0, 0.310966097479, 0.031607586768, 0, 0.0496087099533, 0, 0, 0.0821142942109, 0.312194953714, 0
k0eeWvWBD, 0.0114763867473, 0, 0, 0.868451565104, 0, 0, 0, 0, 0, 0, 0, 0.0101218823524, 0, 0.0292961569731, 0, 0, 0, 0, 0.0676764762804, 0
vuXgijpIg, 0, 0, 0.103806731867, 0.266862105439, 0.298590618021, 0, 0, 0, 0, 0, 0, 0.0103476678317, 0.01825135672, 0, 0, 0, 0, 0.070320000774, 0.216971527547, 0
rQInjjREosu, 0, 0.0302180107207, 0.950037835343, 0, 0, 0, 0, 0, 0, 0, 0, 0, 0, 0.0143022578971, 0, 0, 0, 0, 0, 0
iLzKpKGGrSvlh, 0, 0, 0.0183195310521, 0.13422377966, 0, 0, 0, 0, 0, 0, 0, 0, 0.319140113748, 0.420677971216, 0, 0, 0.0562333817338, 0, 0.0251220077513, 0
wizae58MiTmGe, 0, 0, 0.0936021692156, 0, 0, 0, 0, 0, 0, 0, 0, 0, 0, 0, 0, 0, 0, 0.896752106369, 0, 0
lYUYC0uJF19Ka, 0, 0, 0, 0, 0, 0, 0, 0.990959428415, 0, 0, 0, 0, 0, 0, 0, 0, 0, 0, 0, 0
qhV6DmemqXKprwU, 0, 0, 0, 0.415953975114, 0, 0, 0, 0, 0, 0, 0, 0, 0, 0.511877228229, 0, 0, 0, 0, 0.069273545861, 0
tNkY83vbE, 0, 0, 0.0887411333763, 0.736998841824, 0, 0, 0, 0, 0, 0, 0, 0, 0.0344487594268, 0.0154147554219, 0, 0, 0, 0.0138312503886, 0.096610507679, 0
meYmBMa, 0, 0.0214312321189, 0.675009762959, 0.0380073847554, 0, 0, 0, 0.0275040203855, 0, 0, 0, 0.026566226939, 0, 0, 0.0243728050565, 0, 0, 0.035612635894, 0.146812114622, 0
bwYxTvd6pj, 0, 0, 0.0376693209806, 0.737325730685, 0, 0, 0, 0.0479716280732, 0, 0, 0, 0, 0, 0.0533845945334, 0.0108710053443, 0, 0, 0.0681427289963, 0.0178784478429, 0
eHGzDKHpMI, 0.760389136885, 0.0360764147041, 0, 0.0435684355564, 0, 0, 0, 0, 0.0102180641557, 0.0729226525566, 0, 0.0270437747464, 0, 0, 0, 0, 0, 0, 0.0466590691672, 0
o4d_ZMCaPR669, 0.278861547174, 0, 0, 0.0272858816127, 0, 0, 0, 0, 0, 0, 0, 0.679982417634, 0, 0, 0, 0, 0, 0, 0, 0
dfHWc2_qwC3NDCK, 0.676247532812, 0, 0, 0.0165462548846, 0.127247481853, 0, 0, 0, 0.0131523262485, 0, 0, 0, 0, 0, 0.126270528161, 0, 0, 0, 0.0316228252591, 0
ddpLPfmBUhE8, 0.0996242311135, 0.115890948171, 0.380912386291, 0.343965839461, 0, 0, 0, 0, 0, 0, 0, 0.0551687250789, 0, 0, 0, 0, 0, 0, 0, 0
fvSIo2aurRj, 0, 0, 0.0349615020063, 0.762287179043, 0, 0, 0, 0, 0, 0, 0, 0, 0.0306949714725, 0, 0, 0, 0, 0.0251423613653, 0.126654175612, 0
dQVB6A9h0_KryR, 0.0126587107115, 0, 0.0828696259526, 0.229702206554, 0, 0, 0, 0, 0, 0, 0, 0, 0.0183230340673, 0.491410464786, 0.0276158067358, 0, 0, 0, 0.136594242885, 0
g9_OxarnRqOAUn, 0.0987947095286, 0, 0.0353684428252, 0.571149770231, 0, 0, 0, 0.0304172533109, 0.0317896568126, 0, 0, 0, 0, 0.0147453444457, 0, 0, 0, 0.0392648232987, 0.178231050918, 0
vl0z1u62IL7Ncl, 0.0118870293625, 0, 0.0138430083705, 0.0422191020426, 0, 0, 0, 0.507717976763, 0.0173418462033, 0, 0, 0, 0, 0, 0, 0, 0, 0, 0.399236382988, 0
cVMSpkU44YuFaiO, 0.0228303968547, 0, 0.0116792405676, 0.898646114224, 0, 0, 0, 0, 0, 0, 0, 0, 0, 0, 0, 0, 0, 0.0285294482135, 0.0223181379892, 0
fK2wqVJGT54gvuS, 0, 0, 0.0953307113193, 0.219821401434, 0, 0.0485200173406, 0, 0.0126108548617, 0.0135551930274, 0, 0, 0.0561088565721, 0.0157735591755, 0, 0.0393963287096, 0, 0, 0.0911381584177, 0.405294845463, 0
ijar9VeLK4, 0, 0, 0, 0.562877037485, 0, 0, 0, 0, 0.0141893620654, 0, 0, 0, 0, 0.0881026069673, 0, 0, 0, 0, 0.323308535914, 0
cD1ky1p0WKII, 0, 0.850667479032, 0.0460515092633, 0.0577897006235, 0, 0, 0, 0.0199182971937, 0, 0, 0, 0, 0, 0, 0, 0, 0, 0, 0, 0
hZJVerES, 0, 0, 0.054377802334, 0.59494697452, 0, 0, 0, 0, 0, 0, 0, 0.0318865358395, 0.0205101077787, 0, 0, 0, 0.0187795734571, 0.0314804875849, 0.23240457624, 0
brLupKkBSjAvYfj, 0.0131607726334, 0, 0.0202886908757, 0.077326608475, 0, 0, 0, 0, 0.152797447556, 0, 0, 0.420986905754, 0, 0, 0.0110743185034, 0, 0.0126554773327, 0, 0.290191528946, 0
hfchSKPX25emwy, 0, 0, 0.0223223031281, 0.473030125004, 0, 0, 0, 0, 0, 0, 0, 0, 0, 0.0209348655967, 0.0414570383172, 0, 0, 0.0132257636957, 0.35886058481, 0.0506406989707
hAYtV3a, 0, 0, 0.020160982719, 0, 0, 0.0158307560826, 0.0243979356611, 0, 0, 0, 0, 0.36789046968, 0.0181300225503, 0, 0.018954107104, 0, 0, 0.27625760555, 0.249054342751, 0
h6uymsrX6mbFlh, 0.0406162555157, 0.0124762990908, 0.0130057154954, 0.321488181677, 0, 0, 0, 0, 0.0217075537194, 0, 0, 0.380835229727, 0, 0, 0, 0, 0, 0, 0.181538866851, 0
gs0oICfYwquGoVz, 0.0121415269868, 0, 0.0450493503335, 0.752912686235, 0, 0, 0, 0, 0, 0, 0, 0, 0, 0.0780686675995, 0, 0, 0, 0, 0.102913633872, 0
f5ndxWrZKIE, 0, 0.0115451071454, 0.138209588235, 0.0513735344105, 0, 0, 0, 0, 0, 0, 0, 0.0249555425159, 0, 0, 0, 0, 0, 0.446473234747, 0.308698802858, 0
wVyVdyXBJi1s, 0, 0, 0.0175392523718, 0.57750990027, 0, 0, 0, 0, 0.0478894747495, 0, 0, 0, 0, 0, 0, 0, 0, 0, 0.334592010552, 0
rqH6uvD9RGX, 0.243535040917, 0, 0, 0.524802322482, 0, 0, 0, 0, 0, 0, 0, 0, 0, 0.132224496094, 0, 0, 0, 0.0121931931604, 0.0750613043859, 0
szH3rmr6ysC, 0, 0, 0.646517698555, 0.0697422699185, 0, 0, 0, 0, 0.0135956913756, 0, 0, 0.0290991877431, 0, 0, 0, 0, 0, 0.0147492931658, 0.21833755285, 0
dMRTIPTVKC0FRR, 0.554506451256, 0, 0, 0.0716439015425, 0, 0, 0, 0, 0.0345092894759, 0, 0, 0.131338305241, 0, 0, 0, 0, 0, 0, 0.188585709087, 0
fFRVeo1I, 0, 0.0224929839973, 0.120057292332, 0.0454717281195, 0, 0, 0.0405865261002, 0.067211295142, 0, 0, 0, 0.0649237147628, 0, 0, 0, 0, 0.0883391516809, 0.209982478473, 0.318993074272, 0.0127965181363
oHuBNnwz, 0, 0, 0.0526434727559, 0, 0, 0, 0, 0, 0, 0, 0, 0.767534238085, 0, 0, 0, 0, 0, 0.0368706378184, 0.12019746907, 0
jpA80RCT8ljL9e, 0, 0, 0.0467597782141, 0.585554672662, 0, 0, 0.0115321792136, 0, 0.0185535998866, 0, 0, 0.040792273696, 0.013299852317, 0, 0, 0, 0, 0, 0.257915688625, 0
gdcPCRZS1KRaNEl, 0, 0, 0.0465380771486, 0.520135241831, 0, 0, 0, 0, 0.0222259457473, 0, 0, 0.0804054073647, 0, 0, 0, 0, 0, 0, 0.326602017124, 0
dybfWfXJkjMWp6m, 0.0139387410006, 0, 0.0469039670831, 0.604628383162, 0, 0, 0, 0.0565471647722, 0.0372009656316, 0, 0, 0, 0, 0.14716225177, 0, 0, 0, 0, 0.0913588355971, 0
cHVnuIJXPd3, 0, 0, 0.029051478877, 0, 0, 0, 0, 0, 0, 0, 0.925697435316, 0, 0, 0, 0, 0, 0, 0.0193657947392, 0.0154524953616, 0
x5SMTJGkkeDi, 0.0614942333432, 0, 0.035168095332, 0.510642454012, 0, 0, 0, 0, 0.051095592293, 0, 0, 0, 0, 0, 0, 0, 0, 0, 0.333866992932, 0
xyYqXBEp0k, 0, 0.604660696182, 0.0214662343186, 0.287496519828, 0, 0, 0, 0, 0, 0.0427242513786, 0, 0, 0, 0, 0, 0, 0.0426322642053, 0, 0, 0
cAX9NIcworqhMwk, 0, 0, 0, 0.123198814034, 0, 0, 0, 0, 0.0673367551752, 0, 0, 0.615760985754, 0, 0, 0, 0, 0, 0, 0.157299725783, 0
l4LbQ_rAPqo2wp, 0.820779189355, 0, 0, 0.0278723892207, 0, 0, 0, 0, 0, 0, 0, 0, 0, 0, 0, 0.0435647373582, 0, 0, 0.103819691529, 0
lkVUsvC, 0, 0, 0, 0, 0.546857949557, 0.0230771432683, 0.109217285752, 0, 0, 0, 0.0441271442599, 0, 0, 0, 0.119465562373, 0, 0, 0.148123096787, 0, 0
pFa_fJWIYmn26, 0, 0, 0.069568932831, 0.0362469343067, 0, 0.130466650439, 0, 0.0219836302908, 0, 0, 0, 0.197463406117, 0, 0, 0, 0, 0.011796835156, 0.0321862033654, 0.484277841421, 0
qhFO5DM8, 0, 0, 0.0170334578802, 0.218759564916, 0, 0, 0.26292933785, 0, 0, 0, 0, 0.124670629799, 0.0212286374943, 0, 0.0347498968414, 0, 0, 0.0117468464739, 0.296932778878, 0
lStXf77DFFOqMd3, 0, 0, 0.015835575945, 0.515326737021, 0, 0.0452240362651, 0, 0, 0, 0, 0, 0, 0, 0.362379141483, 0, 0, 0, 0, 0.0352764747023, 0
rrHJMC, 0.0197441006849, 0, 0, 0.887457310907, 0, 0.0196941766845, 0, 0, 0, 0, 0, 0.0236388487105, 0, 0.0149471688959, 0, 0, 0, 0, 0.0264475925104, 0
SZVNvirefQ, 0, 0, 0.308211484244, 0.123221886036, 0, 0, 0, 0.0284184147402, 0.0110917821306, 0, 0, 0.0227741365613, 0.161929049581, 0, 0, 0, 0, 0.0214244209152, 0.31486308876, 0
f5Q6F6wbjkS7eB, 0, 0, 0, 0.502719196184, 0, 0, 0, 0, 0.0852891885605, 0, 0, 0.0124906847534, 0, 0.173677087173, 0, 0, 0, 0, 0.209946584904, 0
wvYJS, 0, 0, 0.364426826617, 0, 0.0189136194293, 0, 0, 0, 0, 0, 0, 0, 0, 0, 0, 0, 0, 0.095306240816, 0.498817982613, 0
rm8V3WUBLNPcNd, 0, 0, 0.144585547036, 0.586205432309, 0, 0, 0, 0, 0.0513450175025, 0, 0, 0.0875954984821, 0, 0, 0, 0, 0, 0, 0.0987117033393, 0
ldLp3tX6WwVoYA, 0, 0, 0.0224681909837, 0.265343363274, 0, 0, 0, 0, 0.0190258780455, 0, 0, 0.669363189207, 0, 0, 0, 0, 0, 0, 0.0195994584256, 0
bRahtGwx06RIgV, 0, 0, 0, 0.684732747573, 0, 0, 0, 0, 0, 0, 0, 0, 0, 0, 0, 0, 0, 0.011289310966, 0.287102136143, 0
sDsjR2Vs, 0, 0, 0.0193514025473, 0, 0.115083242312, 0.015792498434, 0, 0, 0, 0, 0.163811153797, 0.0668045185031, 0, 0, 0.0274449138497, 0, 0, 0.320462151881, 0.257493704127, 0
duTyIJwiyzO, 0, 0, 0.0711427012551, 0.598527277318, 0, 0.0102899230536, 0, 0, 0, 0, 0, 0.107707704991, 0, 0, 0, 0, 0.0427633191892, 0, 0.140339329869, 0
gEnjmX, 0, 0, 0.317349549333, 0.16508199402, 0, 0, 0, 0, 0.0257679063861, 0, 0, 0.0282931859327, 0, 0, 0, 0, 0, 0, 0.436588989234, 0
kOLV4M, 0, 0, 0.423438963372, 0, 0, 0, 0.107476885507, 0.098632190096, 0, 0, 0, 0.0670724707482, 0, 0.017505111523, 0.102776535512, 0, 0.0302550472644, 0.107182135818, 0.0420555742392, 0
xw557gPj, 0.143727530693, 0.0103007008095, 0.0150016148542, 0.0659792202013, 0, 0, 0, 0, 0, 0, 0, 0.689972068192, 0, 0, 0, 0, 0, 0, 0.058475266435, 0
qlKI02RO5, 0, 0, 0.156310927662, 0, 0.575837790681, 0, 0, 0.023046721654, 0, 0, 0, 0.152356161831, 0, 0, 0.0138767937759, 0, 0, 0, 0.0661622461554, 0
o_2CP5H6tSIq, 0.0429948458939, 0, 0.0478197872534, 0.680050051571, 0, 0, 0, 0, 0.0491013733506, 0, 0, 0.02839405737, 0, 0, 0, 0, 0, 0.0113226497831, 0.105495976779, 0
iwmsilgt0, 0, 0, 0.115865982908, 0.349077503555, 0, 0.0143085990041, 0.0637900853694, 0.0100115892142, 0.0149572417228, 0, 0, 0, 0, 0, 0, 0, 0.0201880370212, 0.0209215328607, 0.369776775181, 0
fAa1yL, 0, 0.0240988035809, 0.306143607607, 0.174900861042, 0, 0, 0, 0.0422428173805, 0, 0, 0.0128878060481, 0, 0, 0, 0, 0, 0, 0.303735307373, 0.117122774075, 0
r9cvqC_bCK, 0, 0, 0.611254530183, 0.0751881405775, 0, 0, 0, 0.0309786760103, 0.0212667243497, 0, 0, 0.0233815131581, 0, 0, 0.0417400974692, 0, 0, 0.0137287582846, 0.176361462683, 0
koANc79xbaU, 0, 0, 0.0444098449698, 0.814512427936, 0, 0, 0, 0, 0, 0, 0, 0.0371164339459, 0, 0, 0, 0, 0, 0.0223657941505, 0.0663284942793, 0
dSbrVC1yK1, 0, 0, 0.0238144569513, 0, 0, 0, 0, 0, 0, 0, 0, 0, 0, 0, 0, 0, 0.923356220806, 0, 0.0357858301003, 0
scEm_uvwbKCo8b, 0.0494190223111, 0.0143182448531, 0.0436239686809, 0.531729138827, 0, 0, 0, 0, 0.0469138145903, 0, 0, 0.0136533633469, 0, 0, 0.0103465174401, 0, 0, 0, 0.263411940437, 0
ibTZjZXzX, 0, 0.131569990273, 0.0450783981973, 0.126036863617, 0, 0, 0, 0, 0, 0, 0.0128934667367, 0.28899477765, 0, 0.0238509822914, 0, 0, 0.110496694877, 0, 0.240326163799, 0
qr7E3hhIRDA, 0, 0, 0.169804304396, 0.140874378069, 0, 0, 0, 0, 0.0176681198904, 0, 0, 0, 0, 0, 0, 0, 0, 0.0103032709593, 0.644210524322, 0
xiVQl71NdsN, 0, 0, 0.294727216124, 0.266181369127, 0, 0, 0, 0.030367980978, 0, 0, 0, 0.0370051237487, 0, 0, 0, 0, 0, 0.0592450960084, 0.298148476542, 0
q6BmRqY8, 0, 0, 0, 0.166302417336, 0.409975804852, 0.019541948409, 0, 0, 0, 0, 0, 0.0225265027957, 0, 0, 0, 0, 0, 0.0757475447834, 0.283084311681, 0
oKnBkyygjJeT4OZ, 0, 0, 0.0142686888035, 0.118537911249, 0, 0, 0, 0, 0, 0, 0, 0.658223424314, 0, 0, 0.0549539041391, 0, 0, 0, 0.149801489744, 0
iM_uxYt, 0.202413216398, 0, 0, 0.0721606936765, 0, 0.377102451953, 0, 0, 0, 0, 0, 0.312616834478, 0, 0, 0.0131950575627, 0, 0, 0, 0.0207676675791, 0
uclv3vj26Htvx, 0, 0, 0, 0.331120126272, 0, 0, 0, 0, 0, 0, 0, 0, 0, 0.487547026806, 0, 0, 0, 0, 0.17403501217, 0
tEiy9TJHjW3, 0.100582144064, 0, 0, 0.648457685997, 0, 0, 0, 0, 0.0140746819107, 0, 0, 0, 0, 0, 0, 0, 0, 0, 0.22568700604, 0
v_CYAAKqoA, 0, 0, 0, 0.876083711113, 0, 0, 0, 0, 0, 0, 0, 0, 0, 0, 0, 0, 0, 0, 0.107476629263, 0
kJOrxGDpuWsjI, 0, 0, 0.115835656156, 0.0341446928034, 0.0113196940818, 0, 0, 0, 0.0391431015959, 0, 0, 0.430858936804, 0, 0.0168694724815, 0.0103305964684, 0, 0, 0.109504014275, 0.221741161253, 0
jtTIHLIvgGACAOL, 0, 0, 0, 0.79948099591, 0, 0, 0, 0, 0, 0, 0, 0.0237287227217, 0.050282940141, 0.0159965084484, 0, 0, 0, 0, 0.110192361437, 0
veWx, 0, 0, 0.174885756814, 0, 0, 0, 0, 0.0538552404771, 0, 0, 0.0123973745068, 0, 0.0142390692347, 0, 0.0177223538075, 0, 0, 0.403987852115, 0.31003981207, 0
rTAtdSKpn0ibs, 0, 0, 0.386376644452, 0.397691469878, 0, 0, 0, 0.0985858676574, 0.0137883827182, 0, 0, 0, 0, 0, 0, 0, 0, 0, 0.102986424318, 0
qq17HLnA, 0, 0, 0.0614493149547, 0.503124049243, 0, 0, 0, 0, 0.0206064794105, 0, 0, 0, 0, 0, 0, 0, 0, 0.0283658189209, 0.360396726342, 0
oFzVcyImHcHmCci, 0, 0, 0.253315771346, 0.143167797334, 0, 0, 0, 0, 0.0887188277946, 0, 0, 0, 0, 0, 0.0405004322464, 0, 0, 0.0319247743972, 0.428430732219, 0
xXLQ_F27UU8XEM, 0, 0, 0.10639258499, 0, 0, 0.718961014646, 0, 0, 0, 0, 0, 0, 0, 0, 0.0481519502786, 0, 0, 0.123978542847, 0, 0
RtswG0wspvBoC, 0.248634337691, 0, 0.282495228748, 0.0200650623432, 0, 0, 0, 0.0547850437076, 0, 0, 0, 0.0681466963335, 0.0112554786383, 0, 0.0239663758713, 0, 0, 0.277744237362, 0, 0
eEfme1LGf2z, 0.572362983393, 0, 0, 0.0855627339477, 0, 0, 0, 0, 0, 0, 0, 0.0239392666335, 0, 0.04663692441, 0, 0, 0, 0, 0.254736748503, 0
q659DpeVQKNpP, 0, 0, 0.230069775271, 0, 0, 0, 0, 0.0495654049623, 0, 0, 0, 0.15175165387, 0, 0.0705159600609, 0, 0.0931691107007, 0.224977526124, 0.0273836440048, 0.148411158749, 0
wf8lU7nil9B_, 0.0176533071913, 0, 0.0732688878943, 0.515310771868, 0, 0.0204466999426, 0, 0, 0, 0, 0, 0.0867027892939, 0, 0, 0.0179018659724, 0.0320026932779, 0, 0.10471924115, 0.116472427153, 0.014394277861
dRKq_MPXqfR3u0, 0, 0, 0, 0.887208061691, 0, 0, 0, 0, 0, 0, 0, 0, 0, 0.049784097961, 0, 0, 0, 0, 0.0556217687116, 0
uYicBamGKrn, 0, 0, 0, 0.012028859642, 0, 0, 0, 0, 0, 0, 0, 0.918662680033, 0, 0, 0, 0, 0, 0, 0.0558630219173, 0
I4iWXQ_UD, 0, 0, 0.0904353239249, 0.661795644715, 0, 0.0201591849903, 0, 0, 0, 0, 0, 0.0130184224135, 0.110613211262, 0, 0, 0, 0, 0.0857223118842, 0, 0
t_Q4earc4mshOH, 0, 0, 0.659180177142, 0.084589539628, 0, 0, 0, 0, 0, 0, 0, 0, 0, 0, 0.0377016094367, 0, 0.184497895001, 0, 0.0194555575833, 0
bebChK7PskxB, 0.871295504613, 0, 0, 0, 0, 0, 0, 0, 0, 0, 0, 0, 0, 0, 0, 0, 0, 0, 0.127718734147, 0
tFtBExRJBk, 0.0182331885954, 0, 0.0251840464483, 0.445115117819, 0, 0, 0, 0, 0.0536788654614, 0, 0, 0.0199297492585, 0.0198545930348, 0.0292020248947, 0, 0, 0, 0, 0.377425604668, 0
fGlr0YAbXbu7, 0.0258601066942, 0.0416569211221, 0, 0, 0.0185148320489, 0, 0, 0, 0, 0, 0, 0, 0, 0, 0.0119870948012, 0.818191431579, 0, 0.0800470790538, 0, 0
mOELHlQ4gFwNOEt, 0.393905777424, 0.0323888996354, 0.0400130503775, 0.0991622535559, 0, 0.414068857637, 0, 0, 0, 0, 0, 0.0192866647083, 0, 0, 0, 0, 0, 0, 0, 0
m4BlcVeCGQo, 0.0143119182236, 0, 0.127780328227, 0.124152359661, 0, 0, 0, 0, 0.0106151925086, 0, 0, 0.0162635182887, 0, 0, 0, 0, 0, 0.0205877354217, 0.65776583324, 0
ge9ua7b, 0, 0, 0.162830352571, 0.0129079872099, 0, 0, 0, 0, 0, 0, 0, 0, 0, 0, 0, 0, 0, 0.332503820116, 0.47534575034, 0
oiUjFDYis, 0.0179200856307, 0, 0, 0.643735650974, 0, 0, 0, 0, 0, 0, 0, 0, 0, 0.219241010266, 0, 0, 0, 0.0155759357235, 0.0792775574902, 0
bgfywlOA6, 0, 0.0866788956234, 0.0144845430794, 0, 0, 0.0137820760053, 0, 0, 0, 0, 0, 0.132056501414, 0, 0, 0.0246151254202, 0, 0, 0.504846878105, 0.209084830178, 0
jfiiez8DlFjqifd, 0, 0.335975757017, 0.587686091117, 0.0141874045098, 0, 0, 0, 0.011611549012, 0, 0, 0, 0, 0, 0, 0.0146338335991, 0, 0.0106844250186, 0.010106593952, 0, 0
xlqXUr9VIFwMh, 0, 0, 0.0502710622904, 0.208828488826, 0.376661481023, 0, 0.0733436691133, 0, 0, 0, 0, 0.10517199131, 0, 0, 0, 0.0503146405506, 0.0543050454394, 0, 0.0685571119631, 0
d2PJ4eiYZ, 0, 0.0158461756833, 0.0686225384792, 0.519362095804, 0, 0, 0, 0, 0, 0, 0, 0.0738172352502, 0.140614548375, 0, 0.0177482888889, 0, 0, 0, 0.149957784427, 0
qx4t_VX, 0.0405315494052, 0, 0, 0, 0, 0, 0, 0, 0, 0, 0, 0.805230490727, 0.0233099267633, 0, 0.0199429797823, 0, 0, 0.0550463663127, 0.0536217242227, 0
k1SRruhluiyxrCz, 0, 0, 0, 0.060837587127, 0, 0, 0, 0, 0.0218766285893, 0, 0, 0.046694381375, 0, 0, 0.140484098553, 0, 0, 0.542092003019, 0.183924092685, 0
cF6s51G2P47S, 0, 0, 0.0971391376799, 0, 0, 0, 0, 0.023712844651, 0.0182767022578, 0, 0, 0, 0, 0, 0.0998731775797, 0, 0, 0.217519721013, 0.539263696856, 0
jqU4TUUPEu, 0, 0, 0.102655105284, 0.352474569742, 0.0216449355513, 0.140481434619, 0, 0, 0, 0, 0, 0.0297822132978, 0.0494946748076, 0, 0, 0, 0.0305702092455, 0.132675919901, 0.135632881531, 0
mZtJDzlu_cOra2, 0, 0, 0.0148119024622, 0.0603114067044, 0, 0, 0, 0.0375072536702, 0.0763740715159, 0, 0, 0, 0, 0, 0.0307259368756, 0, 0, 0, 0.751965000556, 0
l1EluZVQ5W74Rtk, 0, 0, 0.170318949279, 0, 0, 0, 0, 0.134572888372, 0.0404732054555, 0, 0, 0.0641619791721, 0, 0, 0.0577427188261, 0.0417082165284, 0, 0, 0.487262224185, 0
caLFQL2FEUZ, 0.109989756711, 0, 0, 0.147117088457, 0, 0, 0, 0, 0.11565790285, 0, 0, 0, 0, 0, 0, 0, 0, 0, 0.589717622584, 0
xyUJSebBNSu, 0, 0, 0, 0, 0, 0, 0, 0, 0, 0, 0, 0, 0, 0, 0.948382847525, 0, 0, 0, 0.0452072388081, 0
kseppzcENc8pfy, 0.0582087721109, 0, 0, 0.228022930648, 0, 0, 0, 0, 0.12135769693, 0, 0, 0.0122833300605, 0, 0, 0, 0, 0, 0.0177207615036, 0.549708479061, 0
nj4TXaS6Zkcl7X, 0, 0, 0.0108349694733, 0, 0, 0, 0, 0, 0.266577979343, 0, 0, 0.0112640833321, 0, 0, 0.0144106458418, 0, 0, 0.0232211813751, 0.672401876281, 0
FFGCSVhmpAbS1JS, 0, 0, 0.0389635590824, 0, 0, 0, 0, 0, 0.573773587843, 0, 0, 0, 0, 0, 0, 0, 0, 0.0149471759218, 0.353689675227, 0
n0Wd1LVPb, 0, 0, 0.0534060268021, 0, 0, 0, 0.0162071593859, 0, 0.0110241240223, 0, 0.047369166542, 0.0872930946213, 0, 0, 0.0620187611065, 0, 0, 0.283054348444, 0.428197123063, 0
dSTN2xwatF5Txs0, 0, 0, 0.0587683082064, 0, 0, 0, 0, 0, 0, 0, 0, 0.198556130851, 0, 0, 0.0938515418548, 0, 0, 0.503714542667, 0.136522504616, 0
qLaMChw1e, 0.715475949866, 0, 0, 0.0441513420091, 0, 0, 0, 0, 0, 0.0514016165138, 0, 0.0337755895916, 0, 0, 0, 0, 0, 0.0236080965049, 0.107248312817, 0
l5TUbzeWJ3Y5, 0.126746716132, 0, 0.0616111723152, 0.404254419222, 0, 0, 0, 0, 0.0460713414603, 0, 0, 0, 0, 0, 0, 0, 0, 0.0190735093801, 0.33021992042, 0
_UqnfSjiEX, 0, 0.0113694813024, 0.0256966711127, 0, 0, 0, 0, 0, 0, 0.645389614037, 0, 0.0116430506186, 0, 0, 0.0840682858072, 0, 0, 0.0773930731555, 0.137142562235, 0
dX2JIpS5Wjevq, 0, 0, 0.0632718971662, 0.0176586930728, 0, 0, 0, 0.0591528364659, 0.0362217863921, 0, 0, 0, 0, 0, 0.0124220688086, 0, 0, 0.167381620538, 0.63572617422, 0
kBszzoYUVMl, 0, 0, 0.360889648293, 0.153230488478, 0, 0, 0, 0, 0, 0, 0, 0, 0, 0, 0.0489924178481, 0, 0, 0.107077256392, 0.328966544432, 0
m_7_ghXxwtnJ, 0, 0, 0.0551906822423, 0.0138860974375, 0, 0.0518061994309, 0, 0, 0.013938868191, 0, 0, 0, 0, 0, 0.152808728869, 0, 0, 0.0322885256191, 0.675360537174, 0
eKzjEwUj0h, 0, 0.0108285327675, 0.0405883531942, 0, 0, 0, 0.0215364407886, 0, 0.0490429105638, 0, 0, 0.483629870043, 0, 0, 0, 0, 0, 0.0147279329451, 0.362221201839, 0
hFAPzG5Bmiz, 0.0117470631853, 0, 0.0516730051701, 0.0200278227369, 0, 0, 0, 0, 0.0816133176553, 0, 0, 0, 0, 0, 0.139400943676, 0, 0, 0, 0.686081436898, 0
bnAa0F2Y5VRG4, 0, 0.0615698723213, 0, 0.394088388583, 0, 0, 0, 0, 0, 0.0462322195772, 0, 0, 0, 0.402747124216, 0.0126265416471, 0, 0, 0.0122711486833, 0.0551090343485, 0
Ro3m1WbZfOyGi, 0, 0, 0.244745662583, 0.0483786405255, 0, 0, 0, 0, 0, 0, 0, 0.0191794904918, 0, 0.121126978757, 0.0518414978447, 0, 0, 0.0461066456213, 0.467280877971, 0
oqg9mdTD9WnS, 0, 0.0330898923276, 0.0570476982519, 0.368204740235, 0, 0, 0, 0, 0, 0, 0, 0.041149924363, 0, 0.0110383924835, 0, 0, 0, 0.0401339782697, 0.417525383802, 0
tKjCAHusd9, 0, 0, 0.0196509972947, 0.292996666533, 0, 0, 0, 0, 0, 0, 0, 0.0246961526005, 0, 0.0772086467249, 0, 0, 0, 0.0869782392537, 0.48114038935, 0
folDdnr, 0, 0, 0.215311352494, 0.0347345155908, 0, 0, 0, 0.0681774491183, 0, 0, 0, 0.429515289349, 0, 0, 0.0131630360303, 0, 0, 0.043047839176, 0.187222685655, 0
xRmLtYAYJ5, 0, 0, 0.138163830407, 0.132349506081, 0, 0, 0, 0.0272686411336, 0.0154084769084, 0, 0, 0.380277158726, 0, 0, 0.0141789214744, 0, 0, 0, 0.288930508589, 0
mIS9QmnxTykHnkS, 0.0316907430241, 0.0956309000149, 0.0525396952437, 0, 0.153867816417, 0, 0, 0, 0, 0, 0, 0, 0, 0.0193319104257, 0, 0, 0, 0.301494870417, 0.324402825533, 0
sCMvPIvmtBW3, 0, 0, 0, 0.01081335314, 0, 0.447744221562, 0.0161981726362, 0, 0, 0, 0, 0, 0, 0, 0.0132518183913, 0, 0, 0.191942273309, 0.300960526653, 0
7_kg7BsyyTy8, 0.0413523342901, 0, 0.0104020517023, 0.565851773959, 0, 0, 0, 0, 0.0129970142055, 0, 0, 0.0490342020819, 0, 0.0109673213693, 0, 0, 0, 0, 0.296490595206, 0
ntPzsU7V, 0, 0, 0, 0.0347579520406, 0, 0, 0, 0, 0, 0.154562806037, 0, 0, 0, 0, 0.0203033616751, 0, 0, 0.0466543283502, 0.725852229968, 0
b8QbCYl, 0, 0, 0.0490377236328, 0.036368851368, 0, 0, 0, 0.0370051208379, 0, 0, 0, 0.568618815069, 0, 0, 0.0145771514981, 0, 0, 0.0152230432276, 0.253946590262, 0
pCMjram, 0, 0, 0.205368236567, 0.138587297149, 0, 0, 0, 0, 0.0160584650714, 0, 0, 0.0834974030472, 0, 0.0132007507429, 0, 0, 0, 0.103613695875, 0.433759935436, 0
n4FRyH4lcbEiHVM, 0, 0, 0, 0.0157253112947, 0, 0, 0, 0.230488196777, 0, 0, 0, 0.0670339263529, 0, 0, 0.135372718288, 0, 0, 0.347520789769, 0.187714890712, 0
jw09IIGPHPy, 0.030952266116, 0, 0.0566179618388, 0.440545256782, 0, 0, 0, 0, 0.0675944292012, 0, 0, 0, 0, 0, 0, 0, 0, 0, 0.396892400141, 0
fo9U2QjN2t, 0, 0, 0.28180566872, 0, 0, 0, 0, 0, 0, 0, 0, 0, 0, 0, 0.0536210429143, 0, 0, 0.0777711655422, 0.564778759015, 0
fmT904TjDcsE, 0, 0, 0.088946900653, 0.0125429353693, 0, 0, 0.0795466599219, 0, 0, 0, 0, 0, 0, 0, 0.0284725213531, 0, 0, 0.0945456393268, 0.688414260128, 0
w_JvQuPvO6_Goqs, 0, 0, 0, 0, 0, 0, 0, 0, 0, 0, 0, 0.0566300480641, 0, 0, 0.155392010522, 0, 0, 0.666930799344, 0.120285018711, 0
l7AyNLcqXS85hCp, 0, 0, 0.514950249986, 0, 0, 0, 0, 0, 0, 0, 0, 0.0606622096514, 0, 0, 0.145959793615, 0, 0, 0.12065376636, 0.149520540867, 0
qtQmgAdMbsnDNB, 0, 0, 0.0665841537843, 0, 0.0426015710248, 0.010542005499, 0, 0, 0, 0, 0.0200562073109, 0.152145778396, 0, 0, 0.149643360179, 0, 0.169443511077, 0.0333807417217, 0.345878133746, 0
nWfN7yBL9vY, 0, 0, 0, 0.50719792817, 0, 0, 0, 0, 0.0265956925201, 0, 0, 0.0406043259433, 0, 0.0364918766521, 0, 0, 0, 0, 0.364437365951, 0
nINcNi304N, 0, 0, 0, 0.249498720383, 0, 0.012970295243, 0, 0, 0, 0, 0, 0, 0, 0.0614423764919, 0, 0, 0, 0.0252333967191, 0.625711979376, 0
sLwlzEVoQ2fv, 0, 0, 0.0871817096601, 0, 0.0277202683956, 0.0190523976149, 0, 0, 0, 0.516598549896, 0, 0, 0, 0, 0.0228582920416, 0, 0, 0.139066559057, 0.164508300371, 0
jtyblBelXcgIT85, 0, 0, 0.0221571690168, 0.0727832696397, 0.156504328406, 0, 0, 0, 0.0121032982221, 0, 0, 0, 0, 0.0111842428651, 0, 0, 0, 0.0738306279941, 0.647746011427, 0
xAb8zbMHstS, 0.0135722967335, 0, 0.126018778929, 0.540133959506, 0, 0, 0, 0, 0.039354367283, 0.0166617755645, 0, 0, 0, 0, 0, 0, 0, 0, 0.254278775668, 0
dnzfDT5wY1k5o8, 0, 0, 0.0184961516785, 0.070522139102, 0, 0, 0, 0.0100428088824, 0.126968459531, 0, 0, 0, 0, 0, 0, 0, 0, 0, 0.7636168281, 0
kxjmGxSdj3tHi, 0.396181223659, 0, 0, 0.0111982748239, 0, 0, 0, 0, 0.0202287287028, 0, 0, 0, 0, 0, 0.0144020350258, 0, 0, 0.0121114178128, 0.545751920551, 0
uJN3VC, 0, 0, 0.0396864185067, 0.0331301944811, 0, 0, 0, 0, 0.237631142836, 0, 0, 0, 0, 0.0113198143375, 0, 0, 0, 0.041544009401, 0.62868794049, 0
fzeWu51Q4QuVTla, 0.0137286245102, 0, 0.037768114706, 0.344625839395, 0, 0, 0, 0, 0, 0, 0, 0.181711283318, 0, 0, 0.0278723577981, 0, 0, 0.0465494561712, 0.344293201508, 0
pyX35IIVQv, 0, 0, 0, 0.0120559624712, 0, 0, 0, 0, 0, 0.0115195721732, 0, 0, 0, 0, 0, 0, 0, 0.102904025153, 0.85290839811, 0
r7Vy_BthlVa, 0, 0, 0.647283319576, 0.117728603961, 0, 0, 0, 0, 0, 0, 0, 0, 0, 0.0218787229307, 0, 0, 0, 0.0172898560343, 0.187220365513, 0
ggTTeHtNw, 0, 0, 0.0325024802006, 0, 0, 0, 0, 0.0402531397143, 0.0310223277679, 0.0209913477994, 0, 0, 0, 0, 0.107825158314, 0, 0, 0.0615586239634, 0.704505405593, 0
cMTZSE9okk6j, 0, 0, 0, 0, 0, 0, 0, 0, 0.894677211148, 0, 0, 0, 0, 0, 0, 0, 0, 0, 0.0960302665426, 0
eXJsfS4am8, 0, 0, 0, 0.0250747423027, 0, 0.569149787149, 0, 0, 0, 0, 0.0170556266503, 0.0859969212604, 0, 0, 0, 0, 0, 0.0773759966388, 0.203946647811, 0
g_7Cf1tdhiKEw, 0, 0, 0.0780985295989, 0.667994405961, 0, 0, 0, 0, 0, 0, 0, 0, 0, 0.0661333833828, 0, 0, 0, 0, 0.176569595864, 0
pUprG6dM1MR28N, 0, 0, 0.124705841443, 0, 0, 0, 0, 0.0265603153917, 0, 0, 0, 0.0589167850837, 0, 0, 0.0289629294432, 0, 0, 0.0987503755612, 0.636899254865, 0
lidbdt, 0, 0, 0.0715318545196, 0.0190466208814, 0, 0, 0, 0, 0.0395750698456, 0, 0, 0.268333256337, 0.0111625285629, 0, 0.0229090889773, 0.0238215057485, 0.102720804678, 0.0707038921042, 0.360465037021, 0
hCX3ND, 0.0548383976789, 0, 0.0319205890549, 0.372338322858, 0, 0, 0, 0, 0.054206247285, 0, 0, 0, 0.018574624473, 0, 0, 0, 0, 0, 0.456772389507, 0
bAkRNyg7Fceb, 0, 0, 0.0123731112071, 0.0249245016864, 0, 0, 0, 0, 0, 0, 0, 0, 0, 0, 0, 0, 0, 0.299882725419, 0.636948009314, 0
v3nE3bWaUq, 0, 0, 0.0130907173049, 0.349217584043, 0, 0, 0, 0, 0, 0, 0, 0, 0, 0, 0, 0, 0, 0.353251849218, 0.261994844858, 0
kjBLh4vEyTTkaJI, 0, 0, 0.0724677400332, 0.0680824810393, 0, 0, 0, 0.0317730128562, 0.0265502126335, 0, 0, 0.231948935039, 0.0104896837542, 0, 0, 0, 0, 0.0441898302067, 0.488694349794, 0
JYCWB2ej5lrw, 0, 0, 0.460295405664, 0.0256969221328, 0, 0, 0, 0, 0, 0, 0, 0, 0, 0, 0.0351534018619, 0, 0, 0.320728379585, 0.155201217471, 0
k2A8t8IGuXAQg, 0.0406305748741, 0, 0, 0.351543679646, 0, 0, 0, 0, 0.284978727618, 0, 0, 0, 0, 0, 0, 0, 0, 0, 0.322712087855, 0
rvmqAcBd6rBPmv, 0, 0, 0, 0.131055138227, 0, 0, 0, 0, 0, 0, 0, 0.747796614339, 0, 0, 0, 0, 0, 0, 0.105622522648, 0
efcONMPzgk9hV_z, 0, 0, 0.047267928221, 0, 0, 0, 0, 0, 0, 0, 0, 0, 0, 0, 0, 0, 0, 0, 0.944232459746, 0
oe2Lc97, 0, 0, 0.0387954177954, 0.140182948599, 0, 0, 0, 0.0161147885194, 0, 0, 0, 0.502772808266, 0, 0, 0.0116838664521, 0, 0, 0, 0.284242734888, 0
p7eTalN7koz, 0, 0, 0, 0.441483052298, 0, 0, 0, 0, 0, 0, 0, 0, 0, 0.134273159375, 0, 0, 0, 0, 0.420602874183, 0
dFJ7PnU, 0, 0, 0.0320317376932, 0.0853033865568, 0, 0, 0, 0, 0, 0, 0, 0, 0, 0, 0, 0, 0, 0.0846362664296, 0.783190093648, 0
nhcJCpQck, 0, 0, 0, 0, 0, 0, 0, 0, 0, 0, 0, 0, 0, 0, 0, 0, 0, 0, 0.98528982447, 0
j33ihpdbJfzq, 0, 0, 0.112780094419, 0, 0, 0, 0, 0, 0.0243734534279, 0, 0, 0, 0, 0, 0, 0, 0, 0.0235149253417, 0.828414170367, 0
jKh48a2sGpRjq9w, 0, 0, 0.0161483956364, 0.0157270513619, 0, 0, 0, 0, 0, 0, 0, 0, 0, 0, 0, 0, 0, 0.0267716939316, 0.936373019709, 0
mb87K0Eu, 0.427442282103, 0, 0.462337949697, 0, 0, 0, 0, 0.0138592784619, 0, 0, 0, 0, 0, 0, 0.0323597305535, 0, 0.0639690641333, 0, 0, 0
vCHJ0rxd67g4n, 0, 0, 0, 0.022092292334, 0, 0, 0, 0, 0.503894868626, 0, 0, 0.0143340854613, 0, 0, 0, 0, 0, 0, 0.457643910226, 0
wnkxDbh7vs, 0.0804954912836, 0, 0.484961976061, 0.31041734506, 0, 0, 0, 0, 0, 0, 0, 0, 0, 0, 0, 0, 0, 0, 0.117465990755, 0
cKpMlHgzd5JF, 0, 0, 0, 0.633071146326, 0, 0, 0, 0, 0, 0, 0, 0, 0, 0.0688197360199, 0, 0, 0, 0, 0.295925452864, 0
neXKBk6SLTROsGY, 0, 0, 0.0933738796974, 0, 0, 0, 0, 0.0162666236531, 0, 0, 0, 0, 0, 0, 0, 0, 0, 0.480965956053, 0.399997968554, 0
leAuT8UVoh, 0, 0, 0.0855864517851, 0, 0, 0, 0, 0, 0.0183212599266, 0, 0, 0.386042863629, 0, 0, 0.0167645905901, 0, 0, 0.0104653650321, 0.476423790515, 0
iQUdHRtlB2aDAaa, 0, 0, 0, 0, 0, 0, 0, 0, 0, 0, 0, 0, 0, 0.986082517014, 0, 0, 0, 0, 0, 0
gKZLwiSdGbry7Bu, 0, 0, 0.202437524178, 0.0807143253273, 0, 0, 0, 0, 0, 0, 0, 0, 0, 0, 0, 0.190512181308, 0, 0.0855269208028, 0.416853118039, 0.0123384197975
qCWDGt1jTJKy, 0, 0, 0.0892041306288, 0, 0, 0, 0, 0, 0, 0, 0, 0, 0, 0, 0.0499169688001, 0, 0, 0.200919091947, 0.559807582254, 0.0897283628984
dbIgDrjqsiBH7PT, 0, 0, 0, 0.101932951798, 0, 0, 0, 0, 0.0278530864986, 0, 0, 0, 0, 0.143520471781, 0, 0, 0, 0, 0.724827683554, 0
pcGQnQhVkvlw, 0, 0, 0, 0, 0, 0, 0, 0, 0, 0, 0, 0, 0, 0, 0, 0, 0, 0, 0.0194942620647, 0.9667437263
uDoxDKkYcHtYqDP, 0, 0, 0.0557725756869, 0.028230045632, 0, 0, 0, 0, 0.0595590070459, 0, 0, 0.112933941175, 0, 0, 0, 0, 0.0153902643678, 0.0156034906643, 0.708812994779, 0
bz1PWe6KVzo_, 0.033096636387, 0, 0.386520884201, 0, 0, 0, 0, 0, 0, 0, 0, 0.0108584278318, 0, 0.0650827839502, 0, 0, 0, 0.166569137532, 0.183559449676, 0.143870451753
qfMgVgNMKi8, 0, 0, 0, 0.558161699284, 0, 0, 0, 0, 0, 0, 0, 0, 0, 0.0179808540488, 0, 0, 0, 0, 0.408544350594, 0
vLip1w96w, 0, 0, 0.264999700747, 0.212800040274, 0, 0, 0, 0, 0.0136276955108, 0, 0, 0, 0, 0, 0, 0, 0, 0.229772297461, 0.275044554692, 0
kNoQsElQpQf_RYl, 0, 0, 0, 0.200786842876, 0, 0, 0, 0, 0.0303879304927, 0, 0, 0, 0, 0, 0, 0, 0, 0, 0.764084568537, 0
vb0ehNa03FWhOZ, 0, 0, 0, 0, 0, 0, 0, 0, 0, 0, 0, 0, 0, 0, 0.966954333663, 0, 0, 0, 0.0314221314501, 0
s3eg4rQM0hUjI5, 0, 0, 0, 0.0604357685701, 0, 0, 0, 0, 0.107169545746, 0, 0, 0, 0, 0, 0, 0, 0, 0, 0.831596316766, 0
usnrPoAY7EtidZb, 0, 0, 0, 0, 0, 0, 0.0281168463603, 0.0143191498857, 0, 0, 0, 0.0112179452643, 0, 0, 0.0548958633294, 0, 0, 0.0919699475161, 0.785573952745, 0
xVhkxgncICyjq2G, 0, 0, 0.145343727573, 0.0392677718432, 0, 0, 0, 0, 0.0123036672342, 0, 0, 0, 0, 0, 0, 0, 0, 0.0129564515741, 0.786533772203, 0
ntS__KSkdt, 0, 0, 0, 0.169011114418, 0, 0, 0, 0, 0, 0, 0, 0, 0, 0.0351004745002, 0, 0.0662113058134, 0, 0, 0.708851943377, 0
bc2JTIhYY, 0, 0, 0, 0, 0, 0, 0, 0, 0, 0, 0, 0, 0, 0, 0.0546940117715, 0, 0, 0.659846941712, 0.28162447603, 0
mwt9IvKkgihyVg, 0, 0, 0, 0, 0, 0, 0, 0, 0.984126895687, 0, 0, 0, 0, 0, 0, 0, 0, 0, 0.011486817677, 0
ww8iMNDT_, 0, 0, 0.025859483383, 0.0767417018587, 0, 0, 0, 0, 0.0125247399424, 0, 0, 0.314751076644, 0, 0, 0.0189918830811, 0, 0, 0, 0.548685888207, 0
qgzfcSjr2V7C7XW, 0, 0, 0.768099342692, 0, 0, 0, 0, 0, 0.0116355199729, 0, 0, 0, 0, 0, 0.0254668709034, 0, 0, 0.0305316781269, 0.149303944573, 0
sSUxiobquj5z, 0, 0, 0.169173931386, 0, 0, 0, 0, 0.322948460199, 0, 0, 0, 0, 0, 0, 0, 0, 0, 0.0413913979339, 0.451694267224, 0
ctt9wSzU, 0, 0, 0, 0, 0, 0, 0, 0, 0.0194519978606, 0, 0, 0, 0, 0, 0, 0.135039766197, 0, 0, 0.818319264578, 0.0141659896962
eStcdoaCX0edZEn, 0, 0, 0, 0, 0, 0, 0, 0, 0, 0, 0, 0, 0, 0, 0.0404867490244, 0, 0, 0.0125353987648, 0.940786966769, 0
x7SBHD9X1eHlJ, 0.143430882717, 0, 0.0343753611493, 0.17788521042, 0, 0, 0, 0, 0.093364350596, 0, 0, 0, 0, 0, 0, 0, 0, 0, 0.541032173094, 0
rDE4VBM1KSBgNog, 0, 0, 0, 0.0954962827995, 0, 0, 0, 0, 0, 0, 0, 0, 0, 0, 0, 0, 0, 0.890506101804, 0, 0
wFTXq0A_7dlI, 0, 0, 0.0171829828207, 0.224314941319, 0, 0, 0, 0, 0, 0, 0, 0, 0, 0.0510615290073, 0, 0, 0, 0.0164280024646, 0.687453666885, 0
vth60A9DZpITQwF, 0, 0, 0, 0, 0, 0, 0, 0, 0, 0, 0, 0.0268182481733, 0, 0, 0.029182896039, 0, 0, 0.525791557543, 0.407123277771, 0
qEjqrtfo6__TzlC, 0, 0, 0, 0, 0, 0, 0, 0, 0, 0, 0, 0, 0, 0, 0, 0, 0, 0, 0.985825234581, 0
hxhuC, 0, 0, 0.0272612895198, 0, 0, 0, 0, 0, 0, 0, 0, 0, 0, 0, 0, 0, 0, 0.0313622291441, 0.921546199064, 0
kwHvh5kx1gxCsxt, 0, 0, 0.0124298797559, 0.0184725394217, 0, 0, 0, 0, 0, 0, 0, 0.0146160479358, 0, 0, 0.0459055241389, 0, 0, 0.0359507193609, 0.843533466657, 0
n2NtPc9V60N43pn, 0.010953944533, 0, 0, 0.0719398195264, 0, 0, 0, 0, 0, 0, 0, 0, 0, 0, 0, 0, 0, 0, 0.908024449777, 0
cSNLPluX9b, 0.0380090530438, 0, 0, 0.220362839704, 0, 0, 0, 0, 0.0329841469769, 0, 0, 0, 0, 0, 0, 0, 0, 0, 0.695698467836, 0
hXK1u_iX, 0, 0, 0.0438640997317, 0.022460521307, 0, 0, 0, 0, 0, 0, 0, 0, 0, 0.0158651570654, 0, 0, 0, 0, 0.90273411206, 0
l2lUKGt, 0, 0, 0.647834168022, 0, 0, 0, 0.0141147519096, 0, 0, 0, 0, 0, 0, 0, 0.0873211972799, 0, 0, 0.0304340698655, 0.205777966781, 0
eFkbfv5Wsu, 0, 0, 0, 0.507316318537, 0, 0, 0, 0, 0, 0, 0, 0, 0, 0.0242242619214, 0, 0, 0, 0, 0.459517252183, 0
uPhLdbgaOUK, 0, 0, 0, 0, 0, 0, 0, 0.0121039379615, 0, 0, 0, 0.196974683047, 0, 0, 0, 0, 0, 0.0287737938548, 0.722580746427, 0
tiP6DJB7jKZYQ4K, 0, 0, 0, 0, 0, 0, 0, 0.0427536619483, 0, 0, 0.0621990105773, 0, 0, 0, 0.0869426689432, 0, 0, 0.571289506907, 0.222919167252, 0
ll4cOgXjKVU, 0, 0, 0.82975801413, 0, 0, 0, 0, 0, 0.129780156095, 0, 0, 0, 0, 0, 0.0209597146007, 0, 0, 0, 0, 0
ivohGrJy0rBBNh, 0, 0, 0.176102241038, 0, 0, 0, 0, 0, 0, 0, 0.0349232496904, 0, 0, 0, 0.480857687826, 0, 0, 0.138289728699, 0.162600031067, 0
qKpbtTNwXk_Ly, 0, 0, 0, 0, 0, 0, 0, 0, 0, 0, 0, 0, 0, 0, 0.054630494624, 0, 0, 0.658683861596, 0.284039808616, 0
ruQ6EDoSy7tKwr, 0, 0, 0, 0, 0, 0, 0, 0, 0, 0, 0, 0, 0, 0, 0.0100452568499, 0, 0, 0.11226125622, 0.861620459275, 0
nP4Ww2qQd, 0, 0, 0.112837167205, 0.79402153445, 0, 0, 0, 0, 0, 0, 0, 0, 0, 0, 0, 0, 0.011286665975, 0.0307912878513, 0.0459249558324, 0
HRl8jtY6xwI, 0, 0, 0, 0, 0, 0, 0, 0, 0, 0, 0, 0, 0, 0, 0.988962836384, 0, 0, 0, 0.0106918571377, 0
cvkdwkXe8, 0, 0, 0.0328895298395, 0.268581323222, 0, 0, 0, 0, 0, 0, 0, 0, 0, 0.176490151631, 0, 0, 0, 0, 0.517386031066, 0
xh8Csv8C, 0, 0, 0.0815933252735, 0.138482129549, 0, 0, 0, 0.0137611863606, 0, 0, 0, 0, 0, 0, 0, 0, 0, 0, 0.752858577756, 0
qwtg184xmOxmeMj, 0, 0, 0, 0, 0, 0, 0, 0, 0, 0, 0, 0, 0, 0, 0, 0, 0, 0.947417598737, 0.050800787017, 0
urXbj7, 0, 0, 0, 0, 0, 0, 0, 0, 0, 0, 0, 0, 0, 0, 0, 0, 0, 0.787431088338, 0.20304697361, 0
hicLarOMuOlI_, 0, 0, 0, 0.021708379166, 0, 0, 0, 0, 0, 0, 0, 0.0370456818883, 0, 0, 0, 0, 0, 0, 0.929734380478, 0
wpHaf0yStnI, 0, 0, 0.0173133185416, 0.617412963494, 0, 0, 0, 0, 0, 0, 0, 0.0431803557219, 0, 0, 0, 0, 0.0838103906064, 0, 0.232261737055, 0
rCjuqQvpZLHx, 0, 0, 0, 0.013366888157, 0, 0, 0, 0, 0.0373451059906, 0, 0, 0, 0, 0, 0, 0, 0, 0, 0.931784655738, 0
ikiFPHMmtaGdLW, 0, 0, 0, 0.0783757155027, 0, 0, 0, 0, 0.0212143982682, 0, 0, 0, 0, 0, 0, 0, 0, 0, 0.8968489078, 0
fa3GwVtFA4b, 0, 0, 0, 0, 0, 0, 0, 0, 0.071432652835, 0, 0, 0, 0, 0, 0, 0, 0, 0, 0.914228124567, 0
g3jE7iCVr, 0, 0, 0.296118374585, 0, 0, 0, 0, 0.0136040012223, 0, 0, 0, 0, 0, 0, 0.0249139817077, 0, 0, 0.0708048030309, 0.578345476251, 0
iWpBhtqZOjD_0dp, 0, 0, 0, 0, 0, 0, 0, 0, 0, 0, 0, 0, 0, 0, 0.0747949361494, 0, 0, 0.104286906669, 0.816703476712, 0
t91GK, 0, 0, 0, 0.0931624702669, 0, 0, 0, 0, 0, 0, 0, 0, 0, 0.459741274514, 0, 0, 0, 0.0136435972238, 0.427510060944, 0
b0GiwFwd_DE6, 0, 0, 0, 0, 0, 0, 0, 0, 0, 0, 0, 0, 0, 0, 0.938286512972, 0, 0, 0, 0.0589752877872, 0
czRPoHX3E_B3, 0, 0, 0, 0, 0, 0, 0, 0, 0, 0, 0, 0.0742701379721, 0, 0, 0, 0, 0, 0.139428893652, 0.780327842261, 0
o01Bk7QsMt4Ou7f, 0, 0, 0.114785518637, 0, 0, 0, 0, 0, 0.251264740599, 0, 0, 0.12092368351, 0, 0, 0.0465444551243, 0, 0, 0.231594004006, 0.233928693996, 0
